{"train_steps_per_second":0.18,"train/loss":8.3814,"train/learning_rate":3.5820895522388063e-06,"train/global_step":335,"_timestamp":1.7402200458806288e+09,"eval/samples_per_second":2.892,"eval/steps_per_second":1.446,"_wandb":{"runtime":1909},"_step":10,"eval/runtime":20.7465,"train_loss":12.622116225513059,"train/grad_norm":27.885440826416016,"total_flos":5.414241863467008e+16,"_runtime":1854.8483388,"eval/loss":3.8861241340637207,"train_samples_per_second":1.454,"train/epoch":4.933333333333334,"train_runtime":1856.3955}