{"train/epoch":5,"_step":10,"train_runtime":2177.9602,"train_samples_per_second":1.21,"train/global_step":330,"train/loss":9.0098,"eval/runtime":24.9069,"train/learning_rate":3.636363636363636e-06,"_timestamp":1.7394067795392609e+09,"train/grad_norm":26.937700271606445,"eval/loss":3.9607551097869873,"eval/steps_per_second":1.204,"train_steps_per_second":0.152,"_runtime":2177.3075368,"eval/samples_per_second":2.369,"total_flos":5.35530304438272e+16,"train_loss":13.216443241003788,"_wandb":{"runtime":2213}}