{"train_runtime":1806.8511,"train/epoch":4.936802973977695,"eval/runtime":20.7069,"_wandb":{"runtime":1835},"eval/samples_per_second":2.898,"eval/steps_per_second":1.449,"train/learning_rate":3.5820895522388063e-06,"train_samples_per_second":1.489,"train_steps_per_second":0.185,"eval/loss":3.043269634246826,"_step":10,"train/loss":8.7573,"_timestamp":1.740179275092342e+09,"train_loss":12.8928661744986,"_runtime":1806.1394491,"total_flos":5.397982878892032e+16,"train/grad_norm":23.96979331970215,"train/global_step":335}