{"_wandb":{"runtime":1841},"train/grad_norm":31.925235748291016,"train/global_step":335,"eval/steps_per_second":1.454,"eval/samples_per_second":2.909,"train_runtime":1813.5522,"eval/loss":3.4765560626983643,"train_loss":12.376575435809235,"_runtime":1812.8533371,"train/learning_rate":2.9850746268656716e-06,"eval/runtime":20.6258,"train_samples_per_second":1.489,"_step":10,"train/loss":8.2318,"train_steps_per_second":0.185,"train/epoch":4.933333333333334,"total_flos":5.414241863467008e+16,"_timestamp":1.740181792618514e+09}