{"train/epoch":4.935849056603773,"total_flos":5.316687956017152e+16,"_wandb":{"runtime":1807},"train_steps_per_second":0.185,"_timestamp":1.7401713372390757e+09,"train/learning_rate":3.636363636363636e-06,"train_runtime":1780.8341,"_runtime":1779.9833644,"eval/loss":3.503974437713623,"train_samples_per_second":1.488,"train_loss":13.379026100852272,"eval/runtime":20.6154,"train/loss":8.961,"eval/steps_per_second":1.455,"eval/samples_per_second":2.862,"train/grad_norm":19.842241287231445,"train/global_step":330,"_step":10}