{"train_samples_per_second":1.431,"eval/runtime":20.8467,"train/grad_norm":31.71904182434082,"_runtime":1886.0461109,"_wandb":{"runtime":1921},"eval/samples_per_second":2.878,"train/global_step":335,"train/epoch":4.933333333333334,"total_flos":5.414241863467008e+16,"train_loss":12.262714260727613,"eval/loss":3.46586275100708,"_step":10,"train/loss":8.15,"eval/steps_per_second":1.439,"train/learning_rate":2.3880597014925373e-06,"train_steps_per_second":0.178,"train_runtime":1886.7556,"_timestamp":1.740185644477764e+09}