{"_runtime":1774.2009093,"train/grad_norm":22.249269485473633,"train/epoch":4.935849056603773,"eval/runtime":20.5842,"eval/loss":3.567416191101074,"eval/samples_per_second":2.866,"_timestamp":1.740168873258682e+09,"train/global_step":330,"total_flos":5.316687956017152e+16,"train_loss":13.342513205788352,"_wandb":{"runtime":1801},"train_steps_per_second":0.186,"eval/steps_per_second":1.457,"_step":10,"train_samples_per_second":1.493,"train_runtime":1775.035,"train/learning_rate":4.242424242424243e-06,"train/loss":9.1432}