{"total_flos":5.316687956017152e+16,"train/global_step":330,"_step":10,"train/learning_rate":3.636363636363636e-06,"train/epoch":4.935849056603773,"eval/runtime":20.6281,"train_steps_per_second":0.185,"_timestamp":1.740164039250953e+09,"train_runtime":1785.7603,"eval/loss":3.363534450531006,"_runtime":1784.988923,"train_samples_per_second":1.484,"train/grad_norm":27.338918685913086,"train_loss":13.139667857776988,"_wandb":{"runtime":1813},"train/loss":9.0098,"eval/samples_per_second":2.86,"eval/steps_per_second":1.454}