{"train_steps_per_second":0.179,"train_samples_per_second":1.44,"_runtime":1867.2849178,"train/epoch":4.936802973977695,"eval/loss":3.5226054191589355,"train/learning_rate":3.5820895522388063e-06,"train/grad_norm":21.86821937561035,"train_loss":13.245556458430503,"eval/steps_per_second":1.441,"train/global_step":335,"_step":10,"train/loss":9.1304,"eval/samples_per_second":2.882,"_timestamp":1.7401770048696978e+09,"eval/runtime":20.8168,"_wandb":{"runtime":1926},"train_runtime":1868.0582,"total_flos":5.397982878892032e+16}