{"train/epoch":4.933333333333334,"train/loss":8.2694,"train/global_step":335,"train_samples_per_second":1.495,"eval/samples_per_second":2.9,"eval/loss":3.9290528297424316,"train_loss":12.55683247580457,"_timestamp":1.7401929226462693e+09,"total_flos":5.414241863467008e+16,"eval/runtime":20.6892,"_step":10,"train/learning_rate":3.5820895522388063e-06,"_wandb":{"runtime":1832},"eval/steps_per_second":1.45,"train/grad_norm":26.32338523864746,"_runtime":1805.6033167,"train_runtime":1806.2454,"train_steps_per_second":0.185}