{"eval/runtime":20.5907,"_timestamp":1.7401669041526725e+09,"train/epoch":5,"eval/loss":4.0123610496521,"eval/steps_per_second":1.457,"train_samples_per_second":1.472,"train_steps_per_second":0.184,"train/learning_rate":3.0303030303030305e-06,"train/loss":8.6979,"_wandb":{"runtime":1816},"_step":10,"eval/samples_per_second":2.865,"total_flos":5.35530304438272e+16,"train/global_step":330,"_runtime":1789.6610421,"train_runtime":1790.3734,"train_loss":12.826719896721118,"train/grad_norm":24.556936264038086}