{"_runtime":2175.844074,"train/grad_norm":23.658342361450195,"total_flos":5.389853386604544e+16,"train/global_step":335,"eval/loss":3.3839428424835205,"train/learning_rate":4.179104477611941e-06,"train_loss":13.021155696128732,"train_runtime":2176.8494,"eval/steps_per_second":1.188,"train/loss":8.796,"train_samples_per_second":1.233,"eval/samples_per_second":2.377,"train_steps_per_second":0.154,"_step":10,"train/epoch":4.936802973977695,"_wandb":{"runtime":2211},"_timestamp":1.739399435894357e+09,"eval/runtime":25.2465}