{"train_samples_per_second":1.491,"eval/runtime":20.8529,"train/epoch":4.933333333333334,"train/global_step":335,"eval/samples_per_second":2.877,"_step":10,"_timestamp":1.7402221810937266e+09,"_runtime":1809.4824001,"train_loss":12.662779304162779,"train_runtime":1810.3255,"train/loss":8.3973,"eval/steps_per_second":1.439,"train/grad_norm":26.239377975463867,"train_steps_per_second":0.185,"train/learning_rate":3.5820895522388063e-06,"total_flos":5.414241863467008e+16,"eval/loss":3.855036735534668,"_wandb":{"runtime":1838}}