{"eval/loss":3.3729114532470703,"train/epoch":4.935849056603773,"eval/samples_per_second":2.864,"train_loss":12.854347182765151,"train/loss":8.7274,"total_flos":5.316687956017152e+16,"_runtime":1781.3800576,"eval/steps_per_second":1.456,"_wandb":{"runtime":1809},"train_samples_per_second":1.487,"train_steps_per_second":0.185,"train/grad_norm":27.44270133972168,"eval/runtime":20.6008,"_timestamp":1.7401591259565957e+09,"_step":10,"train/global_step":330,"train_runtime":1782.1858,"train/learning_rate":3.0303030303030305e-06}